{
  "project_info": {
    "project_number": "287771359099",
    "project_id": "aicompanion-8d305",
    "storage_bucket": "aicompanion-8d305.firebasestorage.app"
  },
  "client": [
    {
      "client_info": {
        "mobilesdk_app_id": "1:287771359099:android:d02b7cee3ae9197b0b2fde",
        "android_client_info": {
          "package_name": "com.ai.companion"
        }
      },
      "oauth_client": [],
      "api_key": [
        {
          "current_key": "AIzaSyDR8AY7XBNkV03X9vWeAk96i9eqDY1Aj2k"
        }
      ],
      "services": {
        "appinvite_service": {
          "other_platform_oauth_client": []
        }
      }
    }
  ],
  "configuration_version": "1"
}